{"cameraMode":{"drawMode":0,"name":"Shaded","section":"Shading Mode"},"sceneLighting":true,"audioPlay":false,"sceneViewState":{"m_AlwaysRefresh":false,"showFog":true,"showSkybox":true,"showFlares":true,"showImageEffects":true,"showParticleSystems":true,"showVisualEffectGraphs":true,"m_FxEnabled":true},"in2DMode":false,"pivot":{"x":1.6614490747451783,"y":2.5693206787109377,"z":-0.6476142406463623},"rotation":{"x":0.3131096065044403,"y":0.10230467468500138,"z":-0.033947911113500598,"w":0.9435802102088928},"size":4.471980571746826,"orthographic":false}